Model,Edge Type,Epoch,Train Loss,Val Loss,Train Accuracy,Val Accuracy
GAT,Combined,1,22.030309,69.897821,,
GAT,Combined,2,10.527907,55.395138,,
GAT,Combined,3,7.030298,44.785821,,
GAT,Combined,4,5.382857,38.497756,,
GAT,Combined,5,4.426571,33.764064,,
GAT,Combined,6,3.83383,30.542099,,
GAT,Combined,7,3.421668,27.258078,,
GAT,Combined,8,3.110856,26.942961,,
GAT,Combined,9,2.875983,24.687258,,
GAT,Combined,10,2.668485,21.972479,,
GAT,Combined,11,2.509192,21.883608,,
GAT,Combined,12,2.364706,18.248889,,
GAT,Combined,13,2.244699,17.555569,,
GAT,Combined,14,2.144412,16.794544,,
GAT,Combined,15,2.067241,15.54641,,
GAT,Combined,16,1.980749,13.592783,,
GAT,Combined,17,1.929941,12.921438,,
GAT,Combined,18,1.867738,12.88305,,
GAT,Combined,19,1.798201,12.09129,,
GAT,Combined,20,1.750171,10.959163,,
GAT,Combined,21,1.709258,10.570254,,
GAT,Combined,22,1.678966,10.844628,,
GAT,Combined,23,1.633899,9.938385,,
GAT,Combined,24,1.596057,9.017612,,
GAT,Combined,25,1.572081,9.392991,,
GAT,Combined,26,1.539345,8.799194,,
GAT,Combined,27,1.513217,8.746228,,
GAT,Combined,28,1.487146,8.337592,,
GAT,Combined,29,1.476378,7.652934,,
GAT,Combined,30,1.443866,7.770845,,
GAT,Combined,31,1.428794,7.454904,,
GAT,Combined,32,1.408985,7.35065,,
GAT,Combined,33,1.399365,6.562729,,
GAT,Combined,34,1.379469,6.965569,,
GAT,Combined,35,1.361803,6.634443,,
GAT,Combined,36,1.346331,7.089624,,
GAT,Combined,37,1.347867,6.417185,,
GAT,Combined,38,1.322354,6.095749,,
GAT,Combined,39,1.320497,6.959116,,
GAT,Combined,40,1.309117,5.985116,,
GAT,Combined,41,1.288208,5.993266,,
GAT,Combined,42,1.288481,6.41847,,
GAT,Combined,43,1.276275,5.496765,,
GAT,Combined,44,1.26125,5.221198,,
GAT,Combined,45,1.265849,5.378911,,
GAT,Combined,46,1.25262,5.195112,,
GAT,Combined,47,1.249639,5.117874,,
GAT,Combined,48,1.230275,5.006563,,
GAT,Combined,49,1.228295,5.037488,,
GAT,Combined,50,1.22154,4.843219,,
GAT,Combined,51,1.213437,4.682396,,
GAT,Combined,52,1.220824,5.011149,,
GAT,Combined,53,1.217965,4.563168,,
GAT,Combined,54,1.196229,4.616758,,
GAT,Combined,55,1.188068,4.612001,,
GAT,Combined,56,1.180968,4.72593,,
GAT,Combined,57,1.177302,4.338421,,
GAT,Combined,58,1.171445,4.223414,,
GAT,Combined,59,1.179659,4.627579,,
GAT,Combined,60,1.163849,4.277122,,
GAT,Combined,61,1.162218,4.318711,,
GAT,Combined,62,1.166126,4.100593,,
GAT,Combined,63,1.168457,4.209334,,
GAT,Combined,64,1.154055,4.266719,,
GAT,Combined,65,1.142898,3.984466,,
GAT,Combined,66,1.140346,4.050505,,
GAT,Combined,67,1.141867,4.141008,,
GAT,Combined,68,1.131237,3.800837,,
GAT,Combined,69,1.138674,4.011287,,
GAT,Combined,70,1.12999,3.955413,,
GAT,Combined,71,1.130743,3.961199,,
GAT,Combined,72,1.12284,3.779559,,
GAT,Combined,73,1.118685,3.715973,,
GAT,Combined,74,1.115851,3.904515,,
GAT,Combined,75,1.127342,3.719695,,
GAT,Correlation,1,4.671142,9.958746,,
GAT,Correlation,2,2.625535,7.544605,,
GAT,Correlation,3,1.729515,6.071119,,
GAT,Correlation,4,1.489451,5.442603,,
GAT,Correlation,5,1.381036,4.98939,,
GAT,Correlation,6,1.303962,4.743993,,
GAT,Correlation,7,1.245903,4.58753,,
GAT,Correlation,8,1.200756,4.234368,,
GAT,Correlation,9,1.162218,4.041878,,
GAT,Correlation,10,1.135542,3.918517,,
GAT,Correlation,11,1.119122,3.770106,,
GAT,Correlation,12,1.104361,3.69493,,
GAT,Correlation,13,1.096017,3.616211,,
GAT,Correlation,14,1.088149,3.543175,,
GAT,Correlation,15,1.081444,3.486818,,
GAT,Correlation,16,1.077484,3.461463,,
GAT,Correlation,17,1.071769,3.408144,,
GAT,Correlation,18,1.066281,3.399859,,
GAT,Correlation,19,1.061842,3.344047,,
GAT,Correlation,20,1.059726,3.32208,,
GAT,Correlation,21,1.056539,3.313482,,
GAT,Correlation,22,1.054338,3.29891,,
GAT,Correlation,23,1.051176,3.29287,,
GAT,Correlation,24,1.054099,3.32835,,
GAT,Correlation,25,1.047948,3.221964,,
GAT,Correlation,26,1.045132,3.216589,,
GAT,Correlation,27,1.041437,3.240612,,
GAT,Correlation,28,1.040769,3.241358,,
GAT,Correlation,29,1.036514,3.192843,,
GAT,Correlation,30,1.03685,3.198902,,
GAT,Correlation,31,1.035472,3.220913,,
GAT,Correlation,32,1.035436,3.175008,,
GAT,Correlation,33,1.031379,3.180155,,
GAT,Correlation,34,1.030914,3.186751,,
GAT,Correlation,35,1.031205,3.233686,,
GAT,Correlation,36,1.026103,3.214052,,
GAT,Correlation,37,1.028058,3.207888,,
GAT,Correlation,38,1.026461,3.161365,,
GAT,Correlation,39,1.025002,3.227396,,
GAT,Correlation,40,1.022495,3.324036,,
GAT,Correlation,41,1.024354,3.312741,,
GAT,Correlation,42,1.021297,3.218389,,
GAT,Correlation,43,1.020253,3.237896,,
GAT,Correlation,44,1.020447,3.180399,,
GAT,Correlation,45,1.018672,3.146199,,
GAT,Correlation,46,1.020289,3.199101,,
GAT,Correlation,47,1.016836,3.126445,,
GAT,Correlation,48,1.020033,3.194817,,
GAT,Correlation,49,1.015771,3.256926,,
GAT,Correlation,50,1.017638,3.365817,,
GAT,Correlation,51,1.020225,3.104133,,
GAT,Correlation,52,1.015548,3.082703,,
GAT,Correlation,53,1.013011,3.230927,,
GAT,Correlation,54,1.012619,3.008464,,
GAT,Correlation,55,1.014817,3.033757,,
GAT,Correlation,56,1.013093,3.044212,,
GAT,Correlation,57,1.011891,3.206557,,
GAT,Correlation,58,1.013714,3.110633,,
GAT,Correlation,59,1.010931,3.050944,,
GAT,Correlation,60,1.010372,3.087832,,
GAT,Correlation,61,1.010408,2.932508,,
GAT,Correlation,62,1.015822,3.155985,,
GAT,Correlation,63,1.008624,3.018597,,
GAT,Correlation,64,1.008301,3.152192,,
GAT,Correlation,65,1.00878,3.002702,,
GAT,Correlation,66,1.009611,3.126663,,
GAT,Correlation,67,1.012107,3.230978,,
GAT,Correlation,68,1.008593,2.974853,,
GAT,Correlation,69,1.007353,2.920781,,
GAT,Correlation,70,1.014351,2.889113,,
GAT,Correlation,71,1.011966,3.075528,,
GAT,Correlation,72,1.007385,3.100416,,
GAT,Correlation,73,1.008548,3.127834,,
GAT,Correlation,74,1.006009,2.916207,,
GAT,Correlation,75,1.007538,2.949335,,
GAT,Industry,1,1.649072,5.144695,,
GAT,Industry,2,1.325486,4.787795,,
GAT,Industry,3,1.2024,4.312119,,
GAT,Industry,4,1.142463,4.070253,,
GAT,Industry,5,1.105325,3.884195,,
GAT,Industry,6,1.086071,3.729563,,
GAT,Industry,7,1.071551,3.676537,,
GAT,Industry,8,1.056055,3.509457,,
GAT,Industry,9,1.055694,3.469762,,
GAT,Industry,10,1.051063,3.401502,,
GAT,Industry,11,1.03584,3.338619,,
GAT,Industry,12,1.031806,3.325673,,
GAT,Industry,13,1.030736,3.215177,,
GAT,Industry,14,1.02983,3.214294,,
GAT,Industry,15,1.02388,3.17743,,
GAT,Industry,16,1.024323,3.16765,,
GAT,Industry,17,1.020006,3.157588,,
GAT,Industry,18,1.019409,3.100797,,
GAT,Industry,19,1.016189,3.123081,,
GAT,Industry,20,1.016047,3.153403,,
GAT,Industry,21,1.015902,3.079773,,
GAT,Industry,22,1.014777,3.137856,,
GAT,Industry,23,1.014137,3.035041,,
GAT,Industry,24,1.012971,3.118999,,
GAT,Industry,25,1.012588,3.123463,,
GAT,Industry,26,1.015748,3.080552,,
GAT,Industry,27,1.012999,3.091429,,
GAT,Industry,28,1.010228,2.980401,,
GAT,Industry,29,1.012561,2.972262,,
GAT,Industry,30,1.010424,2.945765,,
GAT,Industry,31,1.007046,3.055437,,
GAT,Industry,32,1.005618,2.956911,,
GAT,Industry,33,1.005789,2.994027,,
GAT,Industry,34,1.006955,2.983851,,
GAT,Industry,35,1.005004,3.037773,,
GAT,Industry,36,1.003547,2.970997,,
GAT,Industry,37,1.008559,3.045578,,
GAT,Industry,38,1.005113,2.99578,,
GAT,Industry,39,1.004685,2.922808,,
GAT,Industry,40,1.011523,2.912915,,
GAT,Industry,41,1.003612,2.988869,,
GAT,Industry,42,1.002219,2.991541,,
GAT,Industry,43,1.005583,3.04072,,
GAT,Industry,44,1.001719,2.933372,,
GAT,Industry,45,1.001057,2.957865,,
GAT,Industry,46,0.999665,2.99525,,
GAT,Industry,47,1.003497,2.936736,,
GAT,Industry,48,1.012622,2.900517,,
GAT,Industry,49,1.00047,2.95333,,
GAT,Industry,50,1.001994,2.966992,,
GAT,Industry,51,0.999636,2.957104,,
GAT,Industry,52,0.999864,2.973193,,
GAT,Industry,53,0.999343,3.011159,,
GAT,Industry,54,1.003735,3.000416,,
GAT,Industry,55,1.001926,2.946235,,
GAT,Industry,56,0.998476,2.970791,,
GAT,Industry,57,0.999702,2.896192,,
GAT,Industry,58,0.999056,2.961102,,
GAT,Industry,59,0.998437,2.956444,,
GAT,Industry,60,0.998512,2.929006,,
GAT,Industry,61,0.996887,2.95688,,
GAT,Industry,62,1.001399,3.03229,,
GAT,Industry,63,0.998826,2.99243,,
GAT,Industry,64,0.997168,2.929317,,
GAT,Industry,65,0.997229,2.95685,,
GAT,Industry,66,0.999275,2.883496,,
GAT,Industry,67,0.996968,2.975637,,
GAT,Industry,68,0.996572,2.900051,,
GAT,Industry,69,0.997231,2.972591,,
GAT,Industry,70,0.997914,2.927363,,
GAT,Industry,71,0.997572,3.038308,,
GAT,Industry,72,0.995999,2.976315,,
GAT,Industry,73,0.995386,2.926172,,
GAT,Industry,74,0.996954,2.952473,,
GAT,Industry,75,0.995426,2.947567,,
GAT,Sector,1,2.737141,5.724059,,
GAT,Sector,2,1.808562,4.468986,,
GAT,Sector,3,1.511314,3.90958,,
GAT,Sector,4,1.360627,3.617433,,
GAT,Sector,5,1.274763,3.421621,,
GAT,Sector,6,1.214913,3.289416,,
GAT,Sector,7,1.174556,3.198249,,
GAT,Sector,8,1.14653,3.124062,,
GAT,Sector,9,1.124741,3.075805,,
GAT,Sector,10,1.110108,3.052681,,
GAT,Sector,11,1.097615,2.993998,,
GAT,Sector,12,1.085973,2.952247,,
GAT,Sector,13,1.075476,2.930909,,
GAT,Sector,14,1.069118,2.9124,,
GAT,Sector,15,1.063299,2.897883,,
GAT,Sector,16,1.057614,2.874771,,
GAT,Sector,17,1.052817,2.854949,,
GAT,Sector,18,1.051379,2.845646,,
GAT,Sector,19,1.04852,2.836332,,
GAT,Sector,20,1.044222,2.841035,,
GAT,Sector,21,1.045069,2.810977,,
GAT,Sector,22,1.038122,2.81013,,
GAT,Sector,23,1.03704,2.794857,,
GAT,Sector,24,1.03448,2.779899,,
GAT,Sector,25,1.03404,2.790912,,
GAT,Sector,26,1.030453,2.765444,,
GAT,Sector,27,1.027966,2.768993,,
GAT,Sector,28,1.028059,2.760963,,
GAT,Sector,29,1.027988,2.764697,,
GAT,Sector,30,1.024357,2.754226,,
GAT,Sector,31,1.023846,2.753678,,
GAT,Sector,32,1.023821,2.743142,,
GAT,Sector,33,1.022282,2.740207,,
GAT,Sector,34,1.021034,2.736847,,
GAT,Sector,35,1.021393,2.732141,,
GAT,Sector,36,1.023005,2.729514,,
GAT,Sector,37,1.020511,2.720518,,
GAT,Sector,38,1.018055,2.726518,,
GAT,Sector,39,1.019372,2.723692,,
GAT,Sector,40,1.019233,2.711874,,
GAT,Sector,41,1.018844,2.714924,,
GAT,Sector,42,1.015525,2.72325,,
GAT,Sector,43,1.01746,2.709163,,
GAT,Sector,44,1.018991,2.704503,,
GAT,Sector,45,1.014856,2.706209,,
GAT,Sector,46,1.014978,2.711954,,
GAT,Sector,47,1.015286,2.701351,,
GAT,Sector,48,1.015943,2.703785,,
GAT,Sector,49,1.01633,2.695231,,
GAT,Sector,50,1.013959,2.694516,,
GAT,Sector,51,1.01316,2.692471,,
GAT,Sector,52,1.012208,2.699326,,
GAT,Sector,53,1.015312,2.694934,,
GAT,Sector,54,1.011714,2.69061,,
GAT,Sector,55,1.011636,2.695282,,
GAT,Sector,56,1.010249,2.686367,,
GAT,Sector,57,1.010561,2.6847,,
GAT,Sector,58,1.011368,2.689392,,
GAT,Sector,59,1.011506,2.686967,,
GAT,Sector,60,1.011885,2.690289,,
GAT,Sector,61,1.010187,2.683948,,
GAT,Sector,62,1.012056,2.692575,,
GAT,Sector,63,1.009021,2.689792,,
GAT,Sector,64,1.009451,2.676041,,
GAT,Sector,65,1.007913,2.687349,,
GAT,Sector,66,1.00828,2.684515,,
GAT,Sector,67,1.009918,2.677469,,
GAT,Sector,68,1.008585,2.680334,,
GAT,Sector,69,1.008369,2.674106,,
GAT,Sector,70,1.007461,2.679515,,
GAT,Sector,71,1.007441,2.671672,,
GAT,Sector,72,1.007861,2.68711,,
GAT,Sector,73,1.01161,2.695481,,
GAT,Sector,74,1.00946,2.669103,,
GAT,Sector,75,1.008884,2.677337,,
GAT+RotatE,Combined,1,21.639514,0.127122,,
GAT+RotatE,Combined,2,8.141663,0.105054,,
GAT+RotatE,Combined,3,5.804938,0.09684,,
GAT+RotatE,Combined,4,4.78458,0.092318,,
GAT+RotatE,Combined,5,4.119946,0.089671,,
GAT+RotatE,Combined,6,3.647115,0.087901,,
GAT+RotatE,Combined,7,3.285442,0.086706,,
GAT+RotatE,Combined,8,3.001531,0.08575,,
GAT+RotatE,Combined,9,2.773914,0.085214,,
GAT+RotatE,Combined,10,2.588279,0.084675,,
GAT+RotatE,Correlation,1,3.33557,0.091623,,
GAT+RotatE,Correlation,2,1.559414,0.086902,,
GAT+RotatE,Correlation,3,1.316251,0.085622,,
GAT+RotatE,Correlation,4,1.242835,0.084894,,
GAT+RotatE,Correlation,5,1.207227,0.084123,,
GAT+RotatE,Correlation,6,1.187647,0.083811,,
GAT+RotatE,Correlation,7,1.174427,0.083642,,
GAT+RotatE,Correlation,8,1.166343,0.083257,,
GAT+RotatE,Correlation,9,1.159917,0.083385,,
GAT+RotatE,Correlation,10,1.154544,0.083099,,
GAT+RotatE,Industry,1,2.595477,0.090258,,
GAT+RotatE,Industry,2,1.477113,0.086521,,
GAT+RotatE,Industry,3,1.299145,0.08601,,
GAT+RotatE,Industry,4,1.240316,0.085762,,
GAT+RotatE,Industry,5,1.207161,0.085309,,
GAT+RotatE,Industry,6,1.187577,0.085442,,
GAT+RotatE,Industry,7,1.171923,0.085295,,
GAT+RotatE,Industry,8,1.162115,0.085178,,
GAT+RotatE,Industry,9,1.153837,0.085025,,
GAT+RotatE,Industry,10,1.147859,0.084861,,
GAT+RotatE,Sector,1,3.167078,0.088908,,
GAT+RotatE,Sector,2,2.041917,0.08608,,
GAT+RotatE,Sector,3,1.656936,0.08515,,
GAT+RotatE,Sector,4,1.467128,0.08447,,
GAT+RotatE,Sector,5,1.358027,0.084136,,
GAT+RotatE,Sector,6,1.293578,0.083933,,
GAT+RotatE,Sector,7,1.249101,0.083684,,
GAT+RotatE,Sector,8,1.217519,0.083553,,
GAT+RotatE,Sector,9,1.196701,0.083587,,
GAT+RotatE,Sector,10,1.181849,0.083493,,
LSTM,None,1,1.0064,2.615,0.5028,0.4996
LSTM,None,2,1.0034,2.6146,0.508,0.5001
LSTM,None,3,0.9989,2.6149,0.5193,0.5118
LSTM,None,4,0.989,2.6189,0.5322,0.5097
LSTM,None,5,0.9758,2.6282,0.5523,0.5078
LSTM,None,6,0.9629,2.6566,0.5651,0.5035
LSTM,None,7,0.949,2.6417,0.5847,0.4993
LSTM,None,8,0.9355,2.6931,0.5978,0.4987
LSTM,None,9,0.922,2.7021,0.5977,0.5164
LSTM,None,10,0.9061,2.6795,0.606,0.4984
LSTM,None,11,0.8988,2.7237,0.6147,0.4987
LSTM,None,12,0.8825,2.7558,0.6206,0.5024
